Date,H_TSA,H_PSI,H_TSA_lo,H_TSA_hi,H_PSI_lo,H_PSI_hi,LZC_TSA,LZC_PSI,LZC_TSA_lo,LZC_TSA_hi,LZC_PSI_lo,LZC_PSI_hi,MI,MI_lo,MI_hi,PE_TSA,PE_PSI,C_LMC_TSA,C_LMC_PSI,H_norm_TSA,H_norm_PSI,D_JS_TSA,D_JS_PSI
2010-01-31,1.1951184583037255,0.7062740891847152,0.39124356362637025,1.5126447478167369,0.2351933818163561,0.9612366047199905,0.4230769230769231,0.38461538461538464,0.3076923076923077,0.5,0.2692307692307692,0.4230769230769231,0.44102036025530283,0.09636105587936429,0.6904942318427733,0.9227263529235348,0.9375506256529493,0.19579306150896153,0.13552272209873156,0.3597665043225237,0.2126096860058479,0.5442225975919004,0.6374249670591394
2010-02-28,1.2389012565983024,0.7793498372891996,0.6193821946758783,1.5126447478167369,0.39124356362637025,0.9828586897098204,0.46153846153846156,0.34615384615384615,0.34615384615384615,0.5,0.3076923076923077,0.4230769230769231,0.4716575295997775,0.1588649490151622,0.681100851510027,0.9227263529235348,0.9434264036139222,0.2013972782537029,0.14779756966579072,0.37294643990329696,0.23460767814088268,0.5400166262638789,0.6299775473547707
2010-03-31,1.4464643745150223,0.9996551889154157,0.7062740891847152,1.7549369174433567,0.39124356362637025,1.309806832069223,0.46153846153846156,0.38461538461538464,0.34615384615384615,0.5384615384615384,0.3076923076923077,0.46153846153846156,0.6919628812274358,0.2255712653831953,1.0065226419885378,0.8793673110428117,0.9148244814338403,0.21131707403512645,0.17286347229183355,0.43542916439018914,0.300926197186094,0.4853075800080417,0.5744380978068655
2010-04-30,1.6503255293336303,1.140115678510281,0.8403586716062317,2.038324054143862,0.515946930004562,1.4604846813087833,0.46153846153846156,0.4230769230769231,0.38461538461538464,0.5384615384615384,0.34615384615384615,0.5,0.8324233708223012,0.28356831539335436,1.1873492354480286,0.8793673110428119,0.9026565502105818,0.21405627320292062,0.18867132014133203,0.49679748694170867,0.34320901775979634,0.4308722947063473,0.5497271644341772
2010-05-31,1.7442626474416607,1.1951184583037255,0.8929327644193564,2.116892798925269,0.515946930004562,1.502035275980168,0.5,0.4230769230769231,0.38461538461538464,0.5769230769230769,0.34615384615384615,0.5,0.8874261506157465,0.3116439201554075,1.280277579192591,0.9227263529235348,0.9227263529235348,0.21834625062103924,0.19579306150896145,0.5250753771984555,0.35976650432252366,0.41583791604555453,0.5442225975919003
2010-06-30,1.765679621064719,1.2389012565983024,0.9828586897098204,2.112692168735416,0.6193821946758783,1.5126447478167369,0.5,0.4230769230769231,0.4230769230769231,0.5769230769230769,0.34615384615384615,0.5,0.8958364666586308,0.3292256618430886,1.261071091669043,0.9513282751036165,0.9434264036139222,0.21987598390117716,0.20139727825370285,0.5315225286753402,0.3729464399032969,0.4136719932627349,0.5400166262638789
2010-07-31,1.831859994364991,1.4464643745150223,1.1415819291593217,2.118348110046644,0.7793498372891996,1.7304400154641917,0.5,0.4230769230769231,0.4230769230769231,0.5769230769230769,0.38461538461538464,0.5384615384615384,0.9785875654292344,0.43517561468536936,1.31860305697527,0.9691138820426664,0.9434264036139222,0.22270293876178002,0.21131707403512645,0.5514448061629615,0.43542916439018914,0.4038535430433765,0.4853075800080417
2010-08-31,1.9408779503702467,1.5443683177134013,1.2955566727473158,2.18675439511061,0.8904916402166061,1.8349207387500175,0.5,0.46153846153846156,0.4230769230769231,0.5769230769230769,0.38461538461538464,0.5384615384615384,1.0764915086276134,0.49722052627209545,1.4377615356839315,0.9434264036139222,0.9227263529235348,0.2229751242260298,0.2184859546848114,0.584262480986519,0.46490118798668334,0.38163519219912845,0.46996213460110525
2010-09-30,2.1212608709800658,1.7442626474416607,1.3519589152895406,2.3975819111736967,0.9825351833238065,2.1118820258659974,0.5384615384615384,0.46153846153846156,0.46153846153846156,0.6153846153846154,0.42211538461538467,0.5769230769230769,1.2763858383573154,0.5433477314411104,1.7445280740720601,0.9148244814338403,0.899437113755765,0.21030383318474294,0.21834625062103913,0.638563150795969,0.5250753771984554,0.3293391310203215,0.4158379160455544
2010-10-31,2.218542602248559,1.8629613523332116,1.4034099330255514,2.4400204899337057,1.0577422381227313,2.162058807594558,0.5384615384615384,0.5,0.46153846153846156,0.6153846153846154,0.4230769230769231,0.5769230769230769,1.3950845432488663,0.5981304131515637,1.8042838645162993,0.9296487541632549,0.899437113755765,0.20595757291968986,0.22024180091788134,0.6678478699379075,0.5608072478172785,0.30838995254838286,0.3927228147907964
2010-11-30,2.3857932001546844,1.947996533159371,1.5465379331247733,2.622900778477012,1.1867198445284284,2.180978687744415,0.5769230769230769,0.5384615384615384,0.46153846153846156,0.6153846153846154,0.4230769230769231,0.5769230769230769,1.480119724075025,0.7207745827130667,1.8284768541773573,0.903703173489329,0.8659166507994517,0.1850387702552623,0.2219297767077238,0.7181953167008066,0.5864053879326627,0.257644078083494,0.37845794270431926
2010-12-31,2.545089717463868,2.1339375660862605,1.607066609996809,2.7956017398476103,1.300083221825436,2.366978627226361,0.5769230769230769,0.5384615384615384,0.5,0.6538461538461539,0.46153846153846156,0.5769230769230769,1.6660607570033583,0.8092273937808577,2.0557402875037787,0.9296487541632549,0.8659166507994516,0.1593435182294896,0.20915035933517548,0.7661483466160973,0.6423792162688204,0.20797998055242647,0.3255870582955645
2011-01-31,2.6181718147673343,2.237397409774446,1.6934545559847638,2.830086238010678,1.369769796175515,2.4455668778886688,0.6153846153846154,0.5384615384615384,0.5,0.6538461538461539,0.46153846153846156,0.6153846153846154,1.7695206006915432,0.8693274061522462,2.1300965864753065,0.947434361102305,0.899437113755765,0.1500482284987653,0.2047131812736334,0.788148250050474,0.6735237325656702,0.1903807164314024,0.30394353068126423
2011-02-28,2.6181718147673343,2.3346791410429386,1.6930276684265562,2.830086238010678,1.4956321302619437,2.4933597956226605,0.6153846153846154,0.5769230769230769,0.5,0.6538461538461539,0.46153846153846156,0.6153846153846154,1.804893082943235,0.9211990743008771,2.1707006976627974,0.947434361102305,0.8915352422660704,0.1500482284987653,0.1988908225182339,0.788148250050474,0.7028084517076088,0.1903807164314024,0.2829943522093257
2011-03-31,2.7154535460358273,2.3771177198029476,1.8315431322830176,2.8629613523288837,1.542602804595049,2.5169435668567828,0.6153846153846154,0.5769230769230769,0.5,0.6538461538461539,0.46153846153846156,0.6153846153846154,1.8967244507472554,1.002546108257173,2.262711427380425,0.9553362325919993,0.8714654395531174,0.13849892514904166,0.1973470744725343,0.8174329691924125,0.7155837368877197,0.16943153795946408,0.2757847395063137
2011-04-30,2.7343083535617145,2.3975819111736967,1.8373474082256636,2.8741342006155493,1.5850798134461062,2.518552950701645,0.6153846153846154,0.5769230769230769,0.5,0.6538461538461539,0.5,0.6153846153846154,1.917188642118005,1.0403759519276954,2.2383814183622164,0.9293906519180735,0.8714654395531174,0.13580070617448642,0.19663712775976905,0.8231088318201754,0.721744072327323,0.16498511609234537,0.2724471669378544
2011-05-31,2.7956017398476103,2.5648325090798223,1.9729288374063385,2.888154507407868,1.7665454055525345,2.672399104546356,0.6153846153846154,0.6153846153846154,0.5,0.6538461538461539,0.5,0.6153846153846154,2.0069003003715915,1.2354803132983563,2.2766108716544045,0.9214887804283791,0.8915352422660704,0.12903561872222227,0.17117368768971744,0.8415599796280491,0.7720915190902222,0.15332908152221447,0.22170129247296533
2011-06-30,2.7956017398476103,2.6088804716846936,1.9439975302321768,2.9031683353141444,1.8349027037561116,2.6836029046995415,0.6538461538461539,0.6153846153846154,0.5384615384615384,0.6538461538461539,0.5,0.6538461538461539,1.9449910513547912,1.233727632883651,2.20647498713012,0.9253826944296907,0.9148244814338404,0.12903561872222233,0.16691803792285548,0.8415599796280491,0.7853512770821736,0.15332908152221453,0.2125393346821926
2011-07-31,2.766567605149015,2.622900778477012,1.9849259129722323,2.859120372709273,1.9053999310932206,2.687468722347001,0.6153846153846154,0.6153846153846154,0.5375,0.6538461538461539,0.5,0.6538461538461539,1.9590113581471096,1.3050291436220955,2.1856923259668584,0.9300651294645681,0.9434264036139222,0.1347222563080979,0.16561195401020837,0.8328198341856239,0.7895718099750728,0.1617663878524658,0.20974907148146135
2011-08-31,2.641755586002899,2.5977076233980276,1.9687208891400692,2.730467373943546,1.9169636088137016,2.6622197773736485,0.6153846153846154,0.6153846153846154,0.5,0.6538461538461539,0.5,0.6153846153846154,1.9149633955422383,1.3567654331174441,2.133392889826654,0.9560107101384941,0.9691138820426664,0.16326645428500147,0.16770873110256812,0.7952476726028357,0.7819879146108842,0.20530264961434266,0.2144646074051153
2011-09-30,2.6622197773736485,2.5443683177090732,2.0091255469401443,2.730467373943546,1.8629613523332116,2.642396286761652,0.6153846153846154,0.6153846153846154,0.5384615384615384,0.6538461538461539,0.5,0.6153846153846154,1.9009430887499197,1.387064952452277,2.110976006790681,0.9639125816281885,0.9776902310788556,0.16185643008947911,0.17236428426857017,0.8014080080424392,0.7659311836506186,0.20196507704588332,0.22503886504142462
2011-10-31,2.6622197773736485,2.578852815872141,2.003659857979853,2.71929452565688,1.9934958563029637,2.655816127391339,0.6153846153846154,0.5769230769230769,0.5,0.6538461538461539,0.5,0.6153846153846154,1.8875386446885054,1.4015103928333914,2.101096042068864,0.9744707946240386,0.9776902310788556,0.16185643008947923,0.16994327033606516,0.8014080080424392,0.7763120519831214,0.20196507704588348,0.21891102927223405
2011-11-30,2.641755586002899,2.561607392191116,2.0058536277802057,2.7164470671512273,1.9877733714807704,2.651069128689198,0.6153846153846154,0.6153846153846154,0.5384615384615384,0.6538461538461539,0.5,0.6153846153846154,1.882704143954937,1.4066626981715444,2.0948174902884706,0.9882484440747058,0.9835660090398284,0.16326645428500144,0.1707300519857027,0.7952476726028357,0.771120662167199,0.20530264961434264,0.22140510605159222
2011-12-31,2.641755586002899,2.5944825065093213,1.9578996129318256,2.7241290263904485,1.9762504326219388,2.6763361086564563,0.6153846153846154,0.6153846153846154,0.5,0.6538461538461539,0.5384615384615384,0.6538461538461539,1.9446133929717373,1.4226614579392136,2.1668375184409707,0.9744707946240386,0.9697883595891612,0.16326645428500144,0.1672691900063775,0.7952476726028357,0.7810170576878611,0.20530264961434264,0.21416842098374217
2012-01-31,2.6557758927952175,2.5944825065093213,2.0247615867748645,2.7164470671512273,1.9746813705410835,2.691253912072243,0.6538461538461539,0.6153846153846154,0.5384615384615384,0.6538461538461539,0.5375,0.6538461538461539,1.9586336997640559,1.4638544294657287,2.199687794731328,0.9697883595891612,0.9560107101384939,0.16190221415674866,0.1672691900063775,0.7994682054957349,0.7810170576878611,0.20251238641361127,0.21416842098374217
2012-02-29,2.641755586002899,2.5944825065093213,2.0059067792489773,2.7164470671512273,1.9667358103138306,2.7036648350196995,0.6153846153846154,0.6153846153846154,0.5384615384615384,0.6538461538461539,0.5384615384615384,0.6538461538461539,1.9634682004976243,1.4635667360812632,2.200799539937991,0.9744707946240386,0.9560107101384939,0.16326645428500144,0.1672691900063775,0.7952476726028357,0.7810170576878611,0.20530264961434264,0.21416842098374217
2012-03-31,2.622900778477012,2.4556501805708866,2.0151935504580942,2.7052742188645613,1.913122629194091,2.502923260064464,0.6153846153846154,0.6153846153846154,0.5,0.6538461538461539,0.5,0.6153846153846154,1.8057810670318601,1.3953048252948714,2.0609025064215145,0.982372666113733,0.9744707946240386,0.1656119540102084,0.19256421053718045,0.7895718099750727,0.7392243632121737,0.2097490714814614,0.26049494594635036
2012-04-30,2.5609915294602117,2.4556501805708866,1.9532888733177027,2.672399104546356,1.92586412246397,2.5169435668567828,0.6153846153846154,0.6153846153846154,0.5,0.6153846153846154,0.5,0.6153846153846154,1.7729059527136541,1.3642303098805428,2.022529991008772,0.9882484440747058,0.9697883595891612,0.17378658962256138,0.19256421053718045,0.7709352690119853,0.7392243632121737,0.22542306287956276,0.26049494594635036
2012-05-31,2.570282872544295,2.4980887593308956,1.9762199687616626,2.6762400841659666,2.006628179006658,2.537407758227532,0.5769230769230769,0.6153846153846154,0.5384615384615384,0.6538461538461539,0.5384615384615384,0.6153846153846154,1.8106155677654285,1.4278697631745363,2.064983966337054,0.9882484440747058,0.961212010552972,0.17332434991003454,0.19047048154191293,0.7737322419802994,0.7519996483922845,0.224010763034026,0.2532853332433382
2012-06-30,2.570282872544295,2.4980887593308956,1.9903685684084147,2.668558124926746,1.993419337693374,2.5309638736491014,0.6153846153846154,0.6153846153846154,0.5,0.6163461538461487,0.5384615384615384,0.6153846153846154,1.8106155677654285,1.4121995528403115,2.037543818915049,0.9882484440747059,0.961212010552972,0.17332434991003454,0.19047048154191293,0.7737322419802994,0.7519996483922845,0.224010763034026,0.2532853332433382
2012-07-31,2.570282872544295,2.407761238346405,1.9876773469902802,2.65738527664008,1.9031683353184723,2.4682848646363817,0.5769230769230769,0.6153846153846154,0.5375,0.6153846153846154,0.5,0.6153846153846154,1.845100065928496,1.4061250119563071,2.1285429925248125,0.9941242220356787,0.9835660090398284,0.17332434991003456,0.19814714713700687,0.7737322419802997,0.7248083551419856,0.224010763034026,0.2733786741437204
2012-08-31,2.4202776983191945,2.2577560641213044,1.879748936589473,2.5045326439093265,1.7994427194729916,2.2864066196660957,0.5769230769230769,0.5769230769230769,0.5,0.6153846153846154,0.5,0.6153846153846154,1.6220127943984863,1.1829193293145088,1.842562233593646,0.9941242220356785,0.9941242220356787,0.19836401781645824,0.21859688934829574,0.7285761850333229,0.6796522981950089,0.27226256071955696,0.3216304718292513
2012-09-30,2.545089717465311,2.407761238346405,1.9239764358834823,2.642396286761652,1.8875023606692665,2.4728956042519115,0.5384615384615384,0.5769230769230769,0.5,0.6153846153846154,0.5,0.6153846153846154,1.7720179686250297,1.3040656593954225,2.0005368849854035,0.9803465725850115,0.9941242220356787,0.1752382757740489,0.19814714713700687,0.7661483466161111,0.7248083551419856,0.22872629895768007,0.2733786741437204
2012-10-31,2.695094891690411,2.4361795103140955,1.9609547630526631,2.830086238010678,1.9155080718047304,2.4933597956226605,0.5769230769230769,0.6153846153846154,0.5,0.6538461538461539,0.5,0.6153846153846154,1.8256293956717051,1.322234332706999,2.06085546879145,0.9803465725850115,0.9882484440747059,0.14641975761294682,0.1972448460911044,0.8113044035630878,0.7333631074291973,0.1804745012721493,0.26895932464143957
2012-11-30,2.695094891690411,2.4361795103140955,1.9331959911324679,2.8386561813385236,1.8875386446827345,2.4933597956226605,0.6153846153846154,0.6153846153846154,0.5,0.6538461538461539,0.5,0.6153846153846154,1.8256293956717051,1.2926145391099095,2.0679617998958895,0.9941242220356785,0.9882484440747058,0.14641975761294682,0.1972448460911044,0.8113044035630878,0.7333631074291973,0.1804745012721493,0.26895932464143957
2012-12-31,2.724129026389006,2.4361795103140955,1.9634348400049415,2.8552793930896625,1.9169636088137016,2.5045326439093265,0.5769230769230769,0.6153846153846154,0.5375,0.6538461538461539,0.5,0.6153846153846154,1.7487063187486283,1.337904257940301,2.0163098675483804,0.9941242220356785,0.9882484440747058,0.14107816393830228,0.19724484609110446,0.8200445490055129,0.7333631074291972,0.172037194941898,0.2689593246414397
2013-01-31,2.724129026389006,2.5609915294602117,1.9587212017883058,2.844227407321335,1.9405845447518277,2.6848751001177824,0.5769230769230769,0.6153846153846154,0.5,0.6538461538461539,0.5,0.6538461538461539,1.8735183378961868,1.3371391426198351,2.175510360368517,0.9941242220356785,0.9835660090398284,0.14107816393830228,0.17378658962256138,0.8200445490055129,0.7709352690119853,0.172037194941898,0.22542306287956276
2013-02-28,2.874134200614107,2.685803548606328,2.0466223842957167,3.0232418782171817,1.9857061482097018,2.857510988864411,0.6538461538461539,0.6538461538461539,0.5384615384615384,0.6538461538461539,0.5384615384615384,0.6538461538461539,2.071412454347212,1.4343545552850772,2.3971023075380606,0.9941242220356785,0.9835660090398284,0.1070992007142785,0.14705683023076283,0.8652006059524896,0.8085074305947736,0.12378539725636716,0.1818868011176859
2013-03-31,2.874134200614107,2.685803548606328,2.0383045482629614,3.012966526553984,1.9837558981783905,2.8441065448029965,0.6538461538461539,0.6538461538461539,0.5384615384615384,0.6538461538461539,0.5384615384615384,0.6538461538461539,2.071412454347212,1.4314500927795557,2.4024386115181375,0.9882484440747059,0.9697883595891612,0.1070992007142785,0.14705683023076283,0.8652006059524896,0.8085074305947736,0.12378539725636716,0.1818868011176859
2013-04-30,2.8300862380092355,2.674630700319662,1.9876397508197918,2.9689185639491127,1.9587392367821757,2.830086238010678,0.6153846153846154,0.6153846153846154,0.5384615384615384,0.6538461538461539,0.5,0.6538461538461539,2.0490667577738804,1.4222528194005315,2.3507422799661977,0.9882484440747058,0.9776902310788556,0.11326328239297098,0.14799520090224177,0.8519408479605383,0.8051440681234843,0.13294735504713975,0.18381207384060846
2013-05-31,2.820794894925152,2.7091151984827295,1.8852822108787306,2.9689185639491127,2.051564125700154,2.8552793930896625,0.6538461538461539,0.6538461538461539,0.5,0.6538461538461539,0.5384615384615384,0.6538461538461539,2.026370970628383,1.3544535895074834,2.3506864900718294,0.9941242220356785,0.9882484440747059,0.11409067799818513,0.14490592696242355,0.8491438749922241,0.8155249364559869,0.13435965489267634,0.17768423807141792
2013-06-30,2.7923766229574616,2.7202880467693955,1.7939923560070763,2.9689185639491127,2.015285624365931,2.8412590862973435,0.6153846153846154,0.6153846153846154,0.5,0.6538461538461539,0.5384615384615384,0.6538461538461539,2.009125546947358,1.2768871734000204,2.334317761500007,0.9882484440747058,0.9882484440747059,0.11665612155423219,0.1439269601554474,0.8405891227050124,0.8188882989272761,0.13877900439495727,0.1757589653484953
2013-07-31,2.853670009243358,2.74548120184838,1.9821906995109326,2.969197885156278,2.09791976730664,2.8490995042253915,0.6153846153846154,0.6153846153846154,0.5,0.6538461538461539,0.5384615384615384,0.6538461538461539,2.0337028392954384,1.4017354765610468,2.3341035129168124,0.982372666113733,0.9882484440747059,0.10920375038672028,0.14136263843588584,0.8590402705128863,0.8264721942914647,0.12712296982482632,0.17104342942484127
2013-08-31,2.825251737275667,2.74548120184838,1.9459017190203995,2.9612923946042597,2.083533220934422,2.8552793930896625,0.6538461538461539,0.6153846153846154,0.5,0.6538461538461539,0.5384615384615384,0.6538461538461539,2.0531735095522294,1.4218493369351277,2.373404476819543,0.982372666113733,0.9941242220356787,0.11187483762152192,0.14136263843588584,0.8504855182256745,0.8264721942914647,0.1315423193271072,0.17104342942484127
2013-09-30,2.777362795051185,2.74548120184838,1.8629613523332116,2.9155792582601583,2.0748240949948147,2.8552793930896625,0.6153846153846154,0.6153846153846154,0.5,0.6538461538461539,0.5384615384615384,0.6538461538461539,2.0343187020263422,1.3619654684546845,2.3367125317143027,0.9823726661137332,0.9941242220356787,0.12075021480748264,0.14136263843588584,0.8360695101554865,0.8264721942914647,0.14442604752447719,0.17104342942484127
2013-10-31,2.825251737275667,2.884313527786815,1.8998535431368153,2.9548982571567945,2.214605598137087,2.9800914122357787,0.6153846153846154,0.6153846153846154,0.5,0.6538461538461539,0.5384615384615384,0.6538461538461539,2.11508275856903,1.4966846662361362,2.3781266374938346,0.9823726661137332,0.9941242220356785,0.11187483762152194,0.10828730918028441,0.8504855182256746,0.8682648887671521,0.1315423193271072,0.12471690446223316
2013-11-30,2.8542858719742616,2.8702932209944962,1.911513245347786,2.9801874367262684,2.1738787769127828,2.9800914122357787,0.6153846153846154,0.6538461538461539,0.5,0.6538461538461539,0.5384615384615384,0.6538461538461539,2.1300965864753065,1.5434622986366415,2.3749109620647046,0.9882484440747059,0.9941242220356785,0.10577498649309355,0.11017184855269642,0.8592256636680998,0.864044355874253,0.12310501299685589,0.12750716766296435
2013-12-31,2.825251737275667,2.9322024700112967,1.9405345750106509,2.9612923946042597,2.218807920573706,2.9800914122357787,0.6153846153846154,0.6153846153846154,0.5,0.6538461538461539,0.5384615384615384,0.6538461538461539,2.162971700793512,1.576687993423698,2.381952220545173,0.9697883595891612,0.9803465725850115,0.11187483762152192,0.09871300832163775,0.8504855182256745,0.8826808968373403,0.1315423193271072,0.11183317626486314
2014-01-31,2.65104692908554,2.8881545074064254,1.8191452764899028,2.8010521033120828,2.1754740763477995,2.9635084350807617,0.6153846153846154,0.6538461538461539,0.5,0.6538461538461539,0.5384615384615384,0.6538461538461539,2.083551255936949,1.5065292769298217,2.3066385274669576,0.9560107101384941,0.9744707946240386,0.14615711359799521,0.10519572724540138,0.7980446455711361,0.8694211388453889,0.18314403136355242,0.12099513405563582
2014-02-28,2.65104692908554,2.8881545074064254,1.7962176025813998,2.8050113070243987,2.156593118635673,2.9636044595712514,0.5769230769230769,0.6153846153846154,0.5,0.6538461538461539,0.5384615384615384,0.6538461538461539,2.083551255936949,1.510993658493087,2.305044540190368,0.9639125816281885,0.982372666113733,0.14615711359799521,0.10519572724540138,0.7980446455711361,0.8694211388453889,0.18314403136355242,0.12099513405563582
2014-03-31,2.7192945256554375,2.8993273556930914,1.8943251901744234,2.830086238010678,2.1172585644421598,2.9800914122357787,0.6153846153846154,0.6538461538461539,0.5,0.6538461538461539,0.5384615384615384,0.6538461538461539,2.1300965864753065,1.5240455120045375,2.3340786748889633,0.9639125816281885,0.982372666113733,0.13967764599989183,0.10392232954511799,0.8185892192706492,0.8727845013166781,0.1706321592218653,0.11906986133271306
2014-04-30,2.686419411337232,2.9322024700112967,1.85021985906189,2.8153517313115666,2.253915084500251,2.994111719028097,0.6153846153846154,0.6153846153846154,0.5,0.6538461538461539,0.5384615384615384,0.6538461538461539,2.1300965864753065,1.538458643942941,2.3452670784738765,0.9639125816281885,0.982372666113733,0.14384125794579666,0.09871300832163775,0.8086928237499872,0.8826808968373403,0.17786884428971533,0.11183317626486314
2014-05-31,2.686419411337232,2.9322024700112967,1.8789687013520036,2.8262452583910673,2.224228803057284,2.9878915955691117,0.6153846153846154,0.6538461538461539,0.5,0.6538461538461539,0.5384615384615384,0.6538461538461539,2.177985528699789,1.5851912345106043,2.373460266713911,0.9639125816281885,0.982372666113733,0.14384125794579666,0.09871300832163765,0.8086928237499872,0.8826808968373403,0.17786884428971533,0.11183317626486303
2014-06-30,2.853670009243358,2.9322024700112967,2.070713738166516,2.940138912429834,2.265536130728322,3.006665775171375,0.6153846153846154,0.6538461538461539,0.5384615384615384,0.6538461538461539,0.5384615384615384,0.6538461538461539,2.220424107459798,1.6802529960545964,2.438491575289743,0.9639125816281885,0.9776902310788556,0.10920375038672027,0.09871300832163775,0.8590402705128862,0.8826808968373403,0.12712296982482632,0.11183317626486314
2014-07-31,2.9070093149323126,2.9322024700112967,2.098001707385914,2.976346457106658,2.2258440070553016,2.9879318301638262,0.6153846153846154,0.6538461538461539,0.5384615384615384,0.6538461538461539,0.5384615384615384,0.6538461538461539,2.2737634131487527,1.6922449535006416,2.460555867775753,0.9639125816281885,0.9776902310788556,0.10199142856172871,0.09871300832163775,0.8750970014731517,0.8826808968373403,0.11654871218851713,0.11183317626486314
2014-08-31,2.9070093149323126,2.9322024700112967,2.130672779236606,2.9839323918553893,2.2523569186733123,2.994111719028097,0.6153846153846154,0.6538461538461539,0.5384615384615384,0.6538461538461539,0.5384615384615384,0.6538461538461539,2.2737634131487527,1.7263847872671572,2.4803234974181128,0.9639125816281885,0.9776902310788556,0.10199142856172871,0.09871300832163775,0.8750970014731517,0.8826808968373403,0.11654871218851713,0.11183317626486314
2014-09-30,2.9070093149323126,2.9322024700112967,2.0979614727897564,2.9689185639491487,2.25867306662423,2.984028416345879,0.6538461538461539,0.6538461538461539,0.5384615384615384,0.6538461538461539,0.5384615384615384,0.6538461538461539,2.2737634131487527,1.721281567894896,2.4729358388566895,0.9438427789152353,0.9697883595891612,0.10199142856172871,0.09871300832163775,0.8750970014731517,0.8826808968373403,0.11654871218851713,0.11183317626486314
2014-10-31,2.9210296217246308,2.9800914122357787,2.1728691862931573,2.994111719028097,2.2996965688575073,3.0168075061735946,0.6153846153846154,0.6538461538461539,0.5384615384615384,0.6538461538461539,0.5384615384615384,0.6923076923076923,2.3356726621655532,1.7868149095224768,2.51694356686544,0.9560107101384941,0.9697883595891612,0.10002979887724593,0.0887672436036563,0.879317534366051,0.8970969049075284,0.11375844898778573,0.09894944806749313
2014-11-30,2.782197295786196,2.9322024700112967,2.036052223772956,2.8741342006155493,2.223260119972581,2.994111719028097,0.6153846153846154,0.6538461538461539,0.5,0.6538461538461539,0.5384615384615384,0.6538461538461539,2.2737634131487527,1.7006843843799857,2.4416856636815933,0.9697883595891612,0.9697883595891612,0.13407514217665664,0.09871300832163775,0.8375248398903636,0.8826808968373403,0.16008497395039384,0.11183317626486314
2014-12-31,2.7681769889938774,2.9322024700112967,2.050517682922702,2.859120372709273,2.2272039981904856,3.012966526553984,0.6153846153846154,0.6153846153846154,0.5,0.6538461538461539,0.5384615384615384,0.6538461538461539,2.153785894734762,1.6456273604929301,2.3912657632314716,0.9835660090398284,0.9592301465933109,0.13572463662126602,0.09871300832163765,0.8333043069974644,0.8826808968373403,0.16287523715112517,0.11183317626486303
2015-01-31,2.724129026389006,2.9800914122357787,1.923966665147673,2.8441065448029965,2.242126373482681,3.042096685743069,0.6153846153846154,0.6538461538461539,0.5,0.6538461538461539,0.5384615384615384,0.6923076923076923,2.1576268743543725,1.573086023213021,2.406279591137748,0.9697883595891612,0.9391603438803579,0.14107816393830216,0.0887672436036563,0.820044549005513,0.8970969049075284,0.17203719494189787,0.09894944806749313
2015-02-28,2.6707897207000513,2.9800914122357787,1.8843721406621623,2.8096220466399284,2.210860643010744,3.042000661252579,0.6153846153846154,0.6923076923076923,0.5,0.6538461538461539,0.5384615384615384,0.6923076923076923,2.2102447802870895,1.5852813038923983,2.423839773837937,0.9697883595891611,0.949718556876208,0.14681738330842595,0.08876724360365633,0.8039878180452473,0.8970969049075286,0.18261145257820718,0.09894944806749313
2015-03-31,2.6707897207000513,2.9322024700112967,1.89443661123315,2.8010521033120828,2.1763539452440903,2.9991382687426453,0.5769230769230769,0.6538461538461539,0.5,0.6538461538461539,0.5384615384615384,0.6923076923076923,2.1623558380626076,1.5043349976018343,2.386521173149722,0.9697883595891612,0.9438427789152353,0.146817383308426,0.09871300832163775,0.8039878180452473,0.8826808968373403,0.18261145257820727,0.11183317626486314
2015-04-30,2.5804621997155603,2.782197295786196,1.7441594906409583,2.7477127976231284,2.0644278808132412,2.8741342006155493,0.5769230769230769,0.6538461538461539,0.5,0.6538461538461539,0.5384615384615384,0.6538461538461539,2.06085546879145,1.339260732219367,2.3206836722871254,0.9882484440747058,0.9744707946240386,0.15746037913344602,0.13407514217665673,0.7767965247949484,0.8375248398903636,0.20270479347858944,0.16008497395039395
2015-05-31,2.556262565750534,2.761733104415447,1.7379516583736878,2.7477127976231284,1.9903934064362636,2.857510988864411,0.6153846153846154,0.6153846153846154,0.5,0.6538461538461539,0.5384615384615384,0.6538461538461539,2.0413847985346596,1.2933552892034321,2.348251556336679,0.9882484440747058,0.9744707946240386,0.15856151038738364,0.13586370440272766,0.7695117090873865,0.8313645044507602,0.2060547078295039,0.16342254651885316
2015-06-30,2.6181718147673343,2.838656181337081,1.776214285132262,2.786038275405806,2.0194595114728835,2.9360434496309074,0.5384615384615384,0.6153846153846154,0.5,0.6538461538461539,0.5384615384615384,0.6538461538461539,2.1032940475514597,1.2899678708176552,2.426000183150044,0.9835660090398284,0.9744707946240386,0.15004822849876537,0.11345471882755186,0.788148250050474,0.8545206579633601,0.19038071643140247,0.13277001295434632
2015-07-31,2.6370266222932215,2.8246358745447626,1.6934855078513196,2.830086238010678,1.9760154553235219,2.9635084350807617,0.6153846153846154,0.6538461538461539,0.5,0.6538461538461539,0.5384615384615384,0.6538461538461539,2.0790944135864335,1.1997069037967258,2.456643701693501,0.9697883595891611,0.9438427789152354,0.1475991263989465,0.11526691976924873,0.7938241126782368,0.8503001250704609,0.18593429456428381,0.13556027615507762
2015-08-31,2.6181718147673343,2.7805879119398913,1.6884436326437653,2.830086238010678,1.9227997769466747,2.9344340657860455,0.6153846153846154,0.6153846153846154,0.5,0.6538461538461539,0.5,0.6538461538461539,2.0452257781542698,1.1518693642480904,2.4895746059060753,0.9639125816281885,0.9438427789152353,0.15004822849876537,0.12113835182645652,0.788148250050474,0.8370403670785096,0.19038071643140247,0.14472223394585035
2015-09-30,2.556262565750534,2.7272486062509365,1.6151786557212284,2.7956017398476103,1.8070374227439039,2.9305930861664344,0.6153846153846154,0.6153846153846154,0.5,0.6538461538461539,0.5,0.6538461538461539,1.9778661656729968,1.0720226912456894,2.464347860534938,0.9697883595891612,0.9438427789152354,0.15856151038738364,0.12749587833552767,0.7695117090873865,0.8209836361182441,0.2060547078295039,0.15529649158215958
2015-10-31,2.4831804684470677,2.6369210852664455,1.5724927729852767,2.728857990097241,1.6960233401847629,2.853670009243358,0.6153846153846154,0.6153846153846154,0.46153846153846156,0.6538461538461539,0.5,0.6538461538461539,1.9532888733249165,0.9787044491420204,2.455034317848639,0.9497185568762082,0.9497185568762082,0.16718398441420676,0.13922310604153323,0.7475118056530099,0.7937923428679449,0.22365397195052794,0.1753898324825418
2015-11-30,2.4831804684470677,2.6369210852664455,1.5651475401995378,2.719319363683286,1.6884436326437653,2.936139474121397,0.5769230769230769,0.6153846153846154,0.46153846153846156,0.6538461538461539,0.5,0.6538461538461539,1.9532888733249165,0.9688879246433487,2.5443683177191714,0.941142207840019,0.9391603438803579,0.16718398441420676,0.13922310604153326,0.7475118056530099,0.7937923428679449,0.22365397195052794,0.17538983248254184
2015-12-31,2.4062573915254335,2.5309638736462157,1.553405824521014,2.610489855529556,1.6884436326437653,2.804915282533909,0.5769230769230769,0.6153846153846154,0.46153846153846156,0.6153846153846154,0.5,0.6538461538461539,1.8473316617032447,0.9480784093655845,2.3975819111823533,0.9233566009009692,0.9352664298790462,0.18420835464589166,0.1634112138840039,0.7243556521404099,0.7618960439129197,0.25430650551503464,0.2144796723772999
2016-01-31,2.3772232568268388,2.4061518545001004,1.5443683177134013,2.5944825065093213,1.6384346033565984,2.609496334415598,0.6153846153846154,0.6153846153846154,0.46153846153846156,0.6153846153846154,0.5,0.6153846153846154,1.7994427194787623,0.9408474865171843,2.3622967011568465,0.9174808229399963,0.9553362325919993,0.18802354604542437,0.18688710311872403,0.7156155066979847,0.7243238823301315,0.2627438118452861,0.2580159341391768
2016-02-29,2.252411237680722,2.267319528561665,1.5443683177134013,2.3874025840009887,1.6094407032541251,2.4116022179660153,0.5769230769230769,0.5769230769230769,0.46153846153846156,0.6153846153846154,0.5,0.6153846153846154,1.6606103935388852,0.8888749749973199,2.1377785457145277,0.9293906519180735,0.9697883595891612,0.20767116565072935,0.20772322012528388,0.6780433451151966,0.6825311878544441,0.30628007360716286,0.304342459101785
2016-03-31,2.1135789117422874,2.1173143543365645,1.5339901385272123,2.2110526919917595,1.4806183023571098,2.226536917443064,0.5769230769230769,0.5769230769230769,0.46153846153846156,0.5769230769230769,0.46153846153846156,0.5769230769230769,1.510605219312342,0.8935127686869377,1.9784820284039009,0.9293906519180735,0.9697883595891612,0.22434617775980112,0.22473481057703668,0.6362506506395093,0.6373751309074674,0.3526065985697711,0.35259425678731593
2016-04-30,2.1284872026232304,2.1024060634556214,1.5324147988080576,2.2232715659582363,1.4594355290290246,2.228106066691805,0.5384615384615384,0.5384615384615384,0.46153846153846156,0.5769230769230769,0.46153846153846156,0.5769230769230769,1.510605219312342,0.8633066772926643,2.0076592962983173,0.9293906519180735,0.9697883595891612,0.22468711652407855,0.22437871459163725,0.6407384933787568,0.6328872881682198,0.3506689840643932,0.3545318712926937
2016-05-31,2.1457326263042553,2.0931147203715383,1.5724927729852767,2.228106066691805,1.4479368156344767,2.228242325778416,0.5769230769230769,0.5769230769230769,0.46153846153846156,0.5769230769230769,0.46153846153846156,0.5769230769230769,1.5297321481959496,0.9258938677626672,1.966108860356907,0.9352664298790462,0.9639125816281885,0.22489657719394096,0.22427697498605675,0.6459298831946791,0.6300903151999058,0.3481749072850351,0.35594417113823035
2016-06-30,2.1252684349335063,2.0506761416115293,1.5465379331247733,2.228106066691805,1.3896749186417146,2.228106066691805,0.5769230769230769,0.5769230769230769,0.46153846153846156,0.5769230769230769,0.46153846153846156,0.5769230769230769,1.5013138762282587,0.9242681777623486,1.961236604722876,0.941142207840019,0.9454524971426437,0.22488698026613518,0.22418028897375872,0.6397695477550757,0.6173150300197948,0.35151247985349426,0.36315378384124253
2016-07-31,2.082829856173497,1.9762504326219388,1.4758561041356226,2.21086064301078,1.3157867373494845,2.1755505949574245,0.5384615384615384,0.5384615384615384,0.46153846153846156,0.5769230769230769,0.46153846153846156,0.5769230769230769,1.437788894167614,0.8823830559634318,1.8920203250668692,0.961212010552972,0.959230146593311,0.22491669389181504,0.22390057873256927,0.6269942625749648,0.5949106591653701,0.35872209255650644,0.37636000512529155
2016-08-31,1.9155792582673716,1.7903093996950492,1.3896749186417146,1.9784820283981297,1.1956217818102997,1.9501692223805054,0.5384615384615384,0.5384615384615384,0.46153846153846156,0.5769230769230769,0.4230769230769231,0.5384615384615384,1.2094092824792717,0.7669397726666882,1.570282872554394,0.9691138820426664,0.9697883595891611,0.23611839935992762,0.23132833529948263,0.5766468158120657,0.5389368308292125,0.4094679670213955,0.42923088953404614
2016-09-30,1.9580178370273806,1.8231845140132548,1.3991136488058524,1.9784820283981297,1.2389012565983024,1.9542823944331034,0.5,0.5384615384615384,0.46153846153846156,0.5769230769230769,0.4230769230769231,0.5384615384615384,1.2658681680315995,0.7841873836110739,1.5549660934165315,0.9691138820426666,0.9560107101384939,0.23709996434399686,0.23160444073813113,0.5894221009921766,0.5488332263498747,0.40225835431838325,0.4219942044661961
2016-10-31,1.9155792582673716,1.7549369174433567,1.4034099330255514,1.9784820283981297,1.2383546940691428,1.925864122465413,0.5,0.5,0.46153846153846156,0.5769230769230769,0.4230769230769231,0.5384615384615384,1.2164753789875888,0.812301007656099,1.5185773349031892,0.9835660090398284,0.9606931451733716,0.23611839935992762,0.22954462977957343,0.5766468158120657,0.5282886526503615,0.4094679670213955,0.4345060766078833
2016-11-30,1.8473316616974738,1.6514770737551716,1.3520301017521819,1.9431095461464376,1.1416195253298098,1.8339340206700026,0.5,0.5,0.46153846153846156,0.5384615384615384,0.4230769230769231,0.5384615384615384,1.142049669997999,0.7827725112322103,1.412420675532717,0.9835660090398284,0.9560107101384939,0.2346639346848845,0.2267721010390336,0.5561022421125525,0.49714413635351157,0.4219798391630825,0.45614960422218365
2016-12-31,1.8262452583968383,1.6514770737551716,1.3001946428841988,1.9431095461464376,1.1416195253298098,1.8262452583968383,0.5,0.5,0.46153846153846156,0.5384615384615384,0.4230769230769231,0.5384615384615384,1.1765341681610668,0.8350971648992878,1.457987313379625,0.9691138820426666,0.9560107101384941,0.23343229275149852,0.2267721010390336,0.5497546022183935,0.49714413635351157,0.4246118028108223,0.45614960422218365
2017-01-31,1.7903093996950492,1.5852967004548995,1.1956217818102997,1.9431095461464376,1.0577422381227313,1.7667482081501464,0.5384615384615384,0.5,0.4230769230769231,0.5384615384615384,0.4230769230769231,0.5384615384615384,1.1544017574656666,0.8229235598012218,1.457987313379625,0.9513282751036166,0.9560107101384941,0.23132833529948263,0.222370141112715,0.5389368308292125,0.47722185886589025,0.42923088953404614,0.46596805444154193
2017-02-28,1.676240084170295,1.4956321302619437,1.1056124005370875,1.8702932210017096,0.9293550115143001,1.7549369174433567,0.5,0.5,0.4230769230769231,0.5384615384615384,0.38461538461538464,0.5384615384615384,1.1416602641957874,0.7531255649286546,1.412387085240564,0.9691138820426666,0.9744707946240386,0.2280447686480031,0.21640124501737584,0.5045985452714031,0.4502301336894925,0.4519330679507747,0.4806458493660488
2017-03-31,1.6194506282955445,1.4761207211435032,0.9699184342692662,1.8516027859809452,0.84510641512315,1.7549369174433567,0.46153846153846156,0.46153846153846156,0.38461538461538464,0.5384615384615384,0.38461538461538464,0.5384615384615384,1.1550239693955526,0.7425069094679501,1.4573463828156303,0.9835660090398284,0.9697883595891612,0.2239463888519261,0.21439051611779267,0.4875032156156674,0.4443566142871702,0.4593741778074313,0.4824740067427926
2017-04-30,1.5443683177134013,1.4464643745150223,0.84510641512315,1.823261032622844,0.7793498372891996,1.7438718180092885,0.46153846153846156,0.46153846153846156,0.38461538461538464,0.5384615384615384,0.38461538461538464,0.5384615384615384,1.1732565649915534,0.6902455688166482,1.476595187134048,0.9835660090398284,0.9513282751036165,0.2184859546848115,0.21131707403512645,0.46490118798668334,0.43542916439018914,0.4699621346011054,0.4853075800080417
2017-05-31,1.5077577608009185,1.4061518545044278,0.8403586716062317,1.8231845140132548,0.7432462107060627,1.7098644030346803,0.5,0.5,0.38461538461538464,0.5384615384615384,0.38461538461538464,0.5384615384615384,1.1408981255779007,0.6219041416291193,1.4479952439588435,0.9835660090398284,0.9513282751036166,0.21498111131645398,0.20710531816108613,0.4538803121980629,0.4232938866661959,0.4736515454379109,0.48927075179899
2017-06-30,1.4061518545044278,1.2720415352253598,0.7062740891847152,1.7667482081501464,0.6219041416247912,1.5901366226581164,0.46153846153846156,0.46153846153846156,0.34615384615384615,0.5384615384615384,0.34615384615384615,0.5,1.035821940997427,0.6192183145202879,1.3701635095276026,0.9941242220356785,0.959230146593311,0.20710531816108613,0.19665761390192413,0.4232938866661959,0.38292265783512364,0.48927075179899,0.5135700640273935
2017-07-31,1.2720415352253598,1.0577422381227313,0.6193821946758783,1.688756544143085,0.515946930004562,1.3701635095232743,0.46153846153846156,0.4230769230769231,0.34615384615384615,0.5009615384615332,0.34615384615384615,0.46153846153846156,0.8984457208164333,0.39113491085988855,1.3001946428885272,0.9882484440747059,0.9553362325919993,0.19665761390192413,0.1810933163827961,0.38292265783512364,0.31841214135710555,0.5135700640273935,0.5687387284007376
2017-08-31,1.2170387554319153,1.0577422381227313,0.4681666405480045,1.6673395705200265,0.4681666405480045,1.3701635095232743,0.46153846153846156,0.4230769230769231,0.34615384615384615,0.5,0.34615384615384615,0.46153846153846156,1.0577422381270598,0.46816664055233265,1.3701635095276026,0.9803465725850115,0.924708216883196,0.19017086604172267,0.1810933163827961,0.36636517127239626,0.31841214135710555,0.5190746308696704,0.5687387284007376
2017-09-30,1.1496603631405162,0.9996551889154157,0.39124356362637025,1.6346958386978923,0.39124356362637025,1.340507162894793,0.38461538461538464,0.38461538461538464,0.3076923076923077,0.5,0.3076923076923077,0.46153846153846156,0.9996551889197439,0.3912435636292556,1.3405071628991212,0.9882484440747058,0.9553362325919993,0.182103740839932,0.17286347229183355,0.34608225413307075,0.300926197186094,0.5261863001213347,0.5744380978068655
2017-10-31,1.0681873374527349,0.9293550115143001,0.2351933818163561,1.590131201188468,0.2351933818163561,1.3001946428841988,0.46153846153846156,0.4230769230769231,0.3076923076923077,0.5,0.3076923076923077,0.46153846153846156,0.9293550115186288,0.2351933818192419,1.3001946428885274,0.9882484440747058,0.959230146593311,0.17216106308775553,0.16274576852425165,0.32155642956354674,0.27976373508785934,0.5353992247066316,0.5817257496692401
2017-11-30,0.9699184342692662,0.84510641512315,0.2351933818163561,1.5369813060548594,0.2351933818163561,1.2736509190716647,0.38461538461538464,0.38461538461538464,0.3076923076923077,0.5,0.3076923076923077,0.46153846153846156,0.8451064151274782,0.2351933818192419,1.273650919075993,0.9882484440747059,0.9368761481064545,0.15987421685495318,0.15037685076828447,0.2919745420643234,0.25440238048153524,0.5475621803346544,0.5910984420965313
2017-12-31,0.8501514254422238,0.7441942138219946,-1.4428232973175175e-12,1.4603721872345816,-1.4428232973175175e-12,1.2484577639926804,0.34615384615384615,0.34615384615384615,0.2692307692307692,0.46153846153846156,0.2692307692307692,0.46153846153846156,0.7441942138263224,0.0,1.2484577639970085,0.9882484440747058,0.9023542183963397,0.14442068154225335,0.13517814246321988,0.2559210799164313,0.224024780961406,0.5643172558876846,0.6034070957824428
2018-01-31,0.8501514254422238,0.7441942138219946,-1.4428232973175175e-12,1.4603721872345816,-1.4428232973175175e-12,1.1951184583037255,0.38461538461538464,0.38461538461538464,0.2692307692307692,0.46153846153846156,0.2692307692307692,0.46153846153846156,0.7441942138263224,0.0,1.1951184583080539,0.982372666113733,0.8885765689456724,0.14442068154225335,0.13517814246321988,0.2559210799164313,0.224024780961406,0.5643172558876846,0.6034070957824428
2018-02-28,0.8501514254422238,0.7441942138219946,-1.4428232973175175e-12,1.4608435574227263,-1.4428232973175175e-12,1.2389012565983024,0.38461538461538464,0.34615384615384615,0.2692307692307692,0.46153846153846156,0.2692307692307692,0.46153846153846156,0.7441942138263224,0.0,1.2389012566026307,0.9639125816281885,0.8885765689456724,0.14442068154225335,0.13517814246321988,0.2559210799164313,0.224024780961406,0.5643172558876846,0.6034070957824428
2018-03-31,0.8501514254422238,0.7441942138219946,-1.4428232973175175e-12,1.4603721872345816,-1.4428232973175175e-12,1.1951950955438189,0.38461538461538464,0.34615384615384615,0.2692307692307692,0.46153846153846156,0.2692307692307692,0.4240384615384563,0.7441942138263224,0.0,1.1951950955481472,0.9697883595891611,0.8885765689456724,0.14442068154225335,0.13517814246321988,0.2559210799164313,0.224024780961406,0.5643172558876846,0.6034070957824428
2018-04-30,0.9699184342692662,0.84510641512315,0.2351933818163561,1.5654483718150545,0.2351933818163561,1.3001946428841988,0.38461538461538464,0.38461538461538464,0.3076923076923077,0.5,0.3076923076923077,0.46153846153846156,0.8451064151274782,0.2351933818192419,1.3001946428885274,0.9697883595891612,0.8885765689456724,0.15987421685495318,0.15037685076828447,0.2919745420643234,0.25440238048153524,0.5475621803346544,0.5910984420965313
2018-05-31,1.0681873374527349,0.9293550115143001,0.2351933818163561,1.5994977835080595,0.2351933818163561,1.3096910973350537,0.4230769230769231,0.38461538461538464,0.3067307692307693,0.5,0.2692307692307692,0.46153846153846156,0.9293550115186288,0.2351933818192419,1.3096910973393818,0.9882484440747059,0.8924704829469842,0.17216106308775553,0.16274576852425165,0.32155642956354674,0.27976373508785934,0.5353992247066316,0.5817257496692401
2018-06-30,0.9699184342692662,0.84510641512315,0.2351933818163561,1.5654483718150545,0.2351933818163561,1.2957378005336841,0.4230769230769231,0.38461538461538464,0.2692307692307692,0.5,0.2692307692307692,0.46153846153846156,0.8451064151274782,0.2351933818192419,1.2957378005380125,0.9882484440747058,0.8924704829469842,0.15987421685495318,0.15037685076828447,0.2919745420643234,0.25440238048153524,0.5475621803346544,0.5910984420965313
2018-07-31,0.9699184342692662,0.84510641512315,0.2351933818163561,1.5654483718150545,0.2351933818163561,1.3001946428841988,0.4230769230769231,0.38461538461538464,0.2692307692307692,0.5,0.2692307692307692,0.46153846153846156,0.8451064151274782,0.2351933818192419,1.3001946428885272,0.9882484440747058,0.9230984986557875,0.15987421685495318,0.15037685076828447,0.2919745420643234,0.25440238048153524,0.5475621803346544,0.5910984420965313
2018-08-31,0.9699184342692662,0.84510641512315,0.2351933818163561,1.5654483718150545,0.2351933818163561,1.2736509190716647,0.4230769230769231,0.38461538461538464,0.2692307692307692,0.5,0.2692307692307692,0.46153846153846156,0.8451064151274782,0.2351933818192419,1.273650919075993,0.9776902310788556,0.9368761481064547,0.15987421685495318,0.15037685076828447,0.2919745420643234,0.25440238048153524,0.5475621803346544,0.5910984420965313
2018-09-30,0.8501514254422238,0.7441942138219946,-1.4428232973175175e-12,1.370884909278069,-1.4428232973175175e-12,1.1841636411151524,0.38461538461538464,0.38461538461538464,0.2692307692307692,0.46153846153846156,0.2692307692307692,0.46153846153846156,0.7441942138263224,0.0,1.184163641119481,0.9639125816281885,0.944778019596149,0.14442068154225335,0.13517814246321988,0.2559210799164313,0.224024780961406,0.5643172558876846,0.6034070957824428
2018-10-31,0.6219041416247912,0.6219041416247912,-1.4428232973175175e-12,1.0577422381227313,-1.4428232973175175e-12,1.0577422381227313,0.34615384615384615,0.34615384615384615,0.2692307692307692,0.4230769230769231,0.2692307692307692,0.4230769230769231,0.6219041416291193,0.0,1.0577422381270598,0.9697883595891611,0.944778019596149,0.11612665306157341,0.11612665306157341,0.18721180105813454,0.18721180105813454,0.62029558182346,0.62029558182346
